{"_timestamp":1.7651593602802732e+09,"_runtime":620.904696395,"_step":999,"_wandb":{"runtime":620},"episode":1000,"reward":200}